{
  "name" : "exportdemo",
  "sourceOrgId" : "52IAmU6muuofu1GnSuePuW",
  "sourceOrgName" : "Unico Solution",
  "exportedObjects" : [ {
    "objectGuid" : "9ei8eef6QcZkfWPnXCe3sA",
    "objectName" : "Default",
    "objectType" : "Project",
    "path" : "/Explore",
    "metadata" : {
      "modelVersion" : {
        "major" : 0,
        "minor" : 0
      },
      "repoInfo" : null,
      "objectRefs" : [ ],
      "contextAttributes" : [ {
        "name" : "IS_DEF_LOC",
        "value" : "true"
      } ],
      "additionalInfo" : {
        "description" : "Auto-generated Default Project",
        "contentType" : null,
        "documentState" : "COMPLETE"
      }
    }
  }, {
    "objectGuid" : "j0GKvuBkmSSclC7wSxy2Ag",
    "objectName" : "Mapping20",
    "objectType" : "DTEMPLATE",
    "path" : "/Explore/Default",
    "metadata" : {
      "modelVersion" : {
        "major" : 0,
        "minor" : 0
      },
      "repoInfo" : {
        "repoHandle" : "01004P1700000000015V"
      },
      "objectRefs" : [ ],
      "contextAttributes" : [ {
        "name" : "id",
        "value" : "@1"
      } ],
      "additionalInfo" : {
        "description" : "",
        "contentType" : "JSON",
        "documentState" : "VALID"
      }
    }
  } ]
}